Issue ID,Description,State,Severity,Story Points,Project Path,Location Kind,Path,Line,Column,Incident ID,Help Link,Assembly Name,Assembly Version,Assembly Public Key,Snippet
NuGet.0002,NuGet package upgrade is recommended,Active,Potential,1,IIIFAuth2.API\IIIFAuth2.API.csproj,File,IIIFAuth2.API\IIIFAuth2.API.csproj,,,Microsoft.EntityFrameworkCore.Design 7.0.9,,,,,"Microsoft.EntityFrameworkCore.Design, 7.0.9  Recommendation:  Remove Microsoft.EntityFrameworkCore.Design, and replace with new package Microsoft.EntityFrameworkCore.Design 10.0.3"
NuGet.0002,NuGet package upgrade is recommended,Active,Potential,1,IIIFAuth2.API\IIIFAuth2.API.csproj,File,IIIFAuth2.API\IIIFAuth2.API.csproj,,,Microsoft.Extensions.Diagnostics.HealthChecks.EntityFrameworkCore 6.0.20,,,,,"Microsoft.Extensions.Diagnostics.HealthChecks.EntityFrameworkCore, 6.0.20  Recommendation:  Remove Microsoft.Extensions.Diagnostics.HealthChecks.EntityFrameworkCore, and replace with new package Microsoft.Extensions.Diagnostics.HealthChecks.EntityFrameworkCore 10.0.3"
NuGet.0005,NuGet package is deprecated,Active,Optional,1,IIIFAuth2.API\IIIFAuth2.API.csproj,File,IIIFAuth2.API\IIIFAuth2.API.csproj,,,MediatR.Extensions.Microsoft.DependencyInjection 11.1.0,,,,,"MediatR.Extensions.Microsoft.DependencyInjection, 11.1.0  Recommendation:  This package is no longer maintained and its functionality is folded into the main MediatR package. Remove MediatR.Extensions.Microsoft.DependencyInjection, and replace with new package MediatR.Extensions.Microsoft.DependencyInjection, 11.1.0"
Project.0002,Project's target framework(s) needs to be changed,Active,Mandatory,1,IIIFAuth2.API\IIIFAuth2.API.csproj,File,IIIFAuth2.API\IIIFAuth2.API.csproj,,,,,,,,Current target framework: net6.0 Recommended target framework: net10.0
Api.0003,Behavioral change in selected .NET version,Active,Potential,1,IIIFAuth2.API\IIIFAuth2.API.csproj,File,IIIFAuth2.API\Settings\ApiSettings.cs,10,39,T:System.Uri,,,,,set;
Api.0003,Behavioral change in selected .NET version,Active,Potential,1,IIIFAuth2.API\IIIFAuth2.API.csproj,File,IIIFAuth2.API\Settings\ApiSettings.cs,10,34,T:System.Uri,,,,,get;
Api.0003,Behavioral change in selected .NET version,Active,Potential,1,IIIFAuth2.API\IIIFAuth2.API.csproj,File,IIIFAuth2.API\Settings\ApiSettings.cs,10,4,T:System.Uri,,,,,public Uri OrchestratorRoot
Api.0003,Behavioral change in selected .NET version,Active,Potential,1,IIIFAuth2.API\IIIFAuth2.API.csproj,File,IIIFAuth2.API\Utils\HttpRequestX.cs,55,4,T:System.Uri,,,,,"public static bool IsSameOrigin(this HttpRequest request, Uri origin)"
Api.0003,Behavioral change in selected .NET version,Active,Potential,1,IIIFAuth2.API\IIIFAuth2.API.csproj,File,IIIFAuth2.API\Utils\UriX.cs,12,4,T:System.Uri,,,,,public static string GetOrigin(this Uri uri)
Api.0003,Behavioral change in selected .NET version,Active,Potential,1,IIIFAuth2.API\IIIFAuth2.API.csproj,File,IIIFAuth2.API\Infrastructure\Web\UrlPathProvider.cs,128,4,T:System.Uri,,,,,public Uri GetGesturePostbackRelativePath(int customerId)
Api.0003,Behavioral change in selected .NET version,Active,Potential,1,IIIFAuth2.API\IIIFAuth2.API.csproj,File,IIIFAuth2.API\Infrastructure\Web\UrlPathProvider.cs,134,8,T:System.Uri,,,,,"return new Uri(populatedTemplate, UriKind.Relative);"
Api.0003,Behavioral change in selected .NET version,Active,Potential,1,IIIFAuth2.API\IIIFAuth2.API.csproj,File,IIIFAuth2.API\Infrastructure\Web\UrlPathProvider.cs,134,8,"M:System.Uri.#ctor(System.String,System.UriKind)",,,,,"return new Uri(populatedTemplate, UriKind.Relative);"
Api.0003,Behavioral change in selected .NET version,Active,Potential,1,IIIFAuth2.API\IIIFAuth2.API.csproj,File,IIIFAuth2.API\Infrastructure\Web\UrlPathProvider.cs,115,4,T:System.Uri,,,,,public Uri GetAccessTokenServicePath(int customerId)
Api.0003,Behavioral change in selected .NET version,Active,Potential,1,IIIFAuth2.API\IIIFAuth2.API.csproj,File,IIIFAuth2.API\Infrastructure\Web\UrlPathProvider.cs,124,8,T:System.Uri,,,,,return builder.Uri;
Api.0003,Behavioral change in selected .NET version,Active,Potential,1,IIIFAuth2.API\IIIFAuth2.API.csproj,File,IIIFAuth2.API\Infrastructure\Web\UrlPathProvider.cs,96,4,T:System.Uri,,,,,public Uri GetAccessServiceOAuthCallbackPath(AccessService accessService)
Api.0003,Behavioral change in selected .NET version,Active,Potential,1,IIIFAuth2.API\IIIFAuth2.API.csproj,File,IIIFAuth2.API\Infrastructure\Web\UrlPathProvider.cs,111,8,T:System.Uri,,,,,return builder.Uri;
Api.0003,Behavioral change in selected .NET version,Active,Potential,1,IIIFAuth2.API\IIIFAuth2.API.csproj,File,IIIFAuth2.API\Infrastructure\Web\UrlPathProvider.cs,83,4,T:System.Uri,,,,,public Uri GetAccessServiceLogoutPath(AccessService accessService)
Api.0003,Behavioral change in selected .NET version,Active,Potential,1,IIIFAuth2.API\IIIFAuth2.API.csproj,File,IIIFAuth2.API\Infrastructure\Web\UrlPathProvider.cs,92,8,T:System.Uri,,,,,return builder.Uri;
Api.0003,Behavioral change in selected .NET version,Active,Potential,1,IIIFAuth2.API\IIIFAuth2.API.csproj,File,IIIFAuth2.API\Infrastructure\Web\UrlPathProvider.cs,70,4,T:System.Uri,,,,,public Uri GetAccessServicePath(AccessService accessService)
Api.0003,Behavioral change in selected .NET version,Active,Potential,1,IIIFAuth2.API\IIIFAuth2.API.csproj,File,IIIFAuth2.API\Infrastructure\Web\UrlPathProvider.cs,79,8,T:System.Uri,,,,,return builder.Uri;
Api.0003,Behavioral change in selected .NET version,Active,Potential,1,IIIFAuth2.API\IIIFAuth2.API.csproj,File,IIIFAuth2.API\Infrastructure\Web\UrlPathProvider.cs,57,4,T:System.Uri,,,,,public Uri GetOrchestratorProbeServicePath(AssetId assetId)
Api.0003,Behavioral change in selected .NET version,Active,Potential,1,IIIFAuth2.API\IIIFAuth2.API.csproj,File,IIIFAuth2.API\Infrastructure\Web\UrlPathProvider.cs,66,8,T:System.Uri,,,,,return builder.Uri;
Api.0003,Behavioral change in selected .NET version,Active,Potential,1,IIIFAuth2.API\IIIFAuth2.API.csproj,File,IIIFAuth2.API\Infrastructure\Web\UrlPathProvider.cs,59,8,T:System.Uri,,,,,var orchestratorUrl = apiSettings.OrchestratorRoot;
Api.0003,Behavioral change in selected .NET version,Active,Potential,1,IIIFAuth2.API\IIIFAuth2.API.csproj,File,IIIFAuth2.API\Infrastructure\Web\UrlPathProvider.cs,41,4,T:System.Uri,,,,, Uri GetGesturePostbackRelativePath(int customerId)
Api.0003,Behavioral change in selected .NET version,Active,Potential,1,IIIFAuth2.API\IIIFAuth2.API.csproj,File,IIIFAuth2.API\Infrastructure\Web\UrlPathProvider.cs,34,4,T:System.Uri,,,,, Uri GetAccessTokenServicePath(int customerId)
Api.0003,Behavioral change in selected .NET version,Active,Potential,1,IIIFAuth2.API\IIIFAuth2.API.csproj,File,IIIFAuth2.API\Infrastructure\Web\UrlPathProvider.cs,29,4,T:System.Uri,,,,, Uri GetAccessServiceOAuthCallbackPath(AccessService accessService)
Api.0003,Behavioral change in selected .NET version,Active,Potential,1,IIIFAuth2.API\IIIFAuth2.API.csproj,File,IIIFAuth2.API\Infrastructure\Web\UrlPathProvider.cs,24,4,T:System.Uri,,,,, Uri GetAccessServiceLogoutPath(AccessService accessService)
Api.0003,Behavioral change in selected .NET version,Active,Potential,1,IIIFAuth2.API\IIIFAuth2.API.csproj,File,IIIFAuth2.API\Infrastructure\Web\UrlPathProvider.cs,19,4,T:System.Uri,,,,, Uri GetAccessServicePath(AccessService accessService)
Api.0003,Behavioral change in selected .NET version,Active,Potential,1,IIIFAuth2.API\IIIFAuth2.API.csproj,File,IIIFAuth2.API\Infrastructure\Web\UrlPathProvider.cs,14,4,T:System.Uri,,,,, Uri GetOrchestratorProbeServicePath(AssetId assetId)
Api.0003,Behavioral change in selected .NET version,Active,Potential,1,IIIFAuth2.API\IIIFAuth2.API.csproj,File,IIIFAuth2.API\Infrastructure\Auth\Models\SignificantGestureModel.cs,13,0,T:System.Uri,,,,,"public record SignificantGestureModel(     Uri PostbackUri,     string SignificantGestureTitle,      string SignificantGestureMessage,     string SingleUseToken);"
Api.0003,Behavioral change in selected .NET version,Active,Potential,1,IIIFAuth2.API\IIIFAuth2.API.csproj,File,IIIFAuth2.API\Infrastructure\Auth\Models\SignificantGestureModel.cs,14,4,T:System.Uri,,,,,Uri PostbackUri
Api.0003,Behavioral change in selected .NET version,Active,Potential,1,IIIFAuth2.API\IIIFAuth2.API.csproj,File,IIIFAuth2.API\Infrastructure\Auth\Models\SignificantGestureModel.cs,14,4,T:System.Uri,,,,,Uri PostbackUri
Api.0003,Behavioral change in selected .NET version,Active,Potential,1,IIIFAuth2.API\IIIFAuth2.API.csproj,File,IIIFAuth2.API\Infrastructure\Auth\Models\SignificantGestureModel.cs,14,4,T:System.Uri,,,,,Uri PostbackUri
Api.0003,Behavioral change in selected .NET version,Active,Potential,1,IIIFAuth2.API\IIIFAuth2.API.csproj,File,IIIFAuth2.API\Infrastructure\Auth\Models\SignificantGestureModel.cs,13,0,T:System.Uri,,,,,"public record SignificantGestureModel(     Uri PostbackUri,     string SignificantGestureTitle,      string SignificantGestureMessage,     string SingleUseToken);"
Api.0003,Behavioral change in selected .NET version,Active,Potential,1,IIIFAuth2.API\IIIFAuth2.API.csproj,File,IIIFAuth2.API\Infrastructure\Auth\Models\SignificantGestureModel.cs,13,0,T:System.Uri,,,,,"public record SignificantGestureModel(     Uri PostbackUri,     string SignificantGestureTitle,      string SignificantGestureMessage,     string SingleUseToken);"
Api.0003,Behavioral change in selected .NET version,Active,Potential,1,IIIFAuth2.API\IIIFAuth2.API.csproj,File,IIIFAuth2.API\Infrastructure\Auth\RoleProvisioning\Oidc\OidcRoleProviderHandler.cs,73,8,T:System.Uri,,,,,var requestUri = new Uri(validateTokenResult.Value!.Origin);
Api.0003,Behavioral change in selected .NET version,Active,Potential,1,IIIFAuth2.API\IIIFAuth2.API.csproj,File,IIIFAuth2.API\Infrastructure\Auth\RoleProvisioning\Oidc\OidcRoleProviderHandler.cs,73,8,M:System.Uri.#ctor(System.String),,,,,var requestUri = new Uri(validateTokenResult.Value!.Origin);
Api.0003,Behavioral change in selected .NET version,Active,Potential,1,IIIFAuth2.API\IIIFAuth2.API.csproj,File,IIIFAuth2.API\Infrastructure\Auth\RoleProvisioning\Oidc\OidcRoleProviderHandler.cs,37,4,T:System.Uri,,,,,"public async Task<HandleRoleProvisionResponse> InitiateLoginRequest(int customerId, Uri requestOrigin,         AccessService accessService, IProviderConfiguration providerConfiguration,         CancellationToken cancellationToken = default)"
Api.0003,Behavioral change in selected .NET version,Active,Potential,1,IIIFAuth2.API\IIIFAuth2.API.csproj,File,IIIFAuth2.API\Infrastructure\Auth\RoleProvisioning\Oidc\OidcRoleProviderHandler.cs,47,8,T:System.Uri,,,,,"var loginUrl = auth0Client.GetAuthLoginUrl(configuration, accessService, roleProvisionTokenId);"
Api.0003,Behavioral change in selected .NET version,Active,Potential,1,IIIFAuth2.API\IIIFAuth2.API.csproj,File,IIIFAuth2.API\Infrastructure\Auth\RoleProvisioning\Oidc\JwtTokenParser.cs,94,4,T:System.Uri,,,,,"private async Task<JsonWebKeySet> GetWebKeySetForDomain(Uri jwksPath, CancellationToken cancellationToken)"
Api.0002,Source incompatible for selected .NET version,Active,Potential,1,IIIFAuth2.API\IIIFAuth2.API.csproj,File,IIIFAuth2.API\Infrastructure\Auth\RoleProvisioning\Oidc\JwtTokenParser.cs,97,8,M:System.TimeSpan.FromSeconds(System.Double),,,,,"return await appCache.GetOrAddAsync(cacheKey, async () =>         {             logger.LogDebug(""Refreshing jwks cache from {JWKSPath}"", jwksPath);             var jwks = await httpClient.GetStringAsync(jwksPath, cancellationToken);             return new JsonWebKeySet(jwks);         }, new MemoryCacheEntryOptions { AbsoluteExpirationRelativeToNow = TimeSpan.FromSeconds(authSettings.JwksTtl) });"
Api.0003,Behavioral change in selected .NET version,Active,Potential,1,IIIFAuth2.API\IIIFAuth2.API.csproj,File,IIIFAuth2.API\Infrastructure\Auth\RoleProvisioning\Oidc\JwtTokenParser.cs,78,4,T:System.Uri,,,,,"private async Task<IList<SecurityKey>> GetSigningKeys(Uri jwksUri, string? clientSecret, CancellationToken          cancellationToken)"
Api.0003,Behavioral change in selected .NET version,Active,Potential,1,IIIFAuth2.API\IIIFAuth2.API.csproj,File,IIIFAuth2.API\Infrastructure\Auth\RoleProvisioning\Oidc\JwtTokenParser.cs,44,4,T:System.Uri,,,,,"public async Task<ClaimsPrincipal?> GetClaimsFromToken(string jwtToken, Uri jwksUri, string issuer,         string audience, string? clientSecret, CancellationToken cancellationToken)"
Api.0001,Binary incompatible for selected .NET version,Active,Mandatory,1,IIIFAuth2.API\IIIFAuth2.API.csproj,File,IIIFAuth2.API\Infrastructure\Auth\RoleProvisioning\Oidc\JwtTokenParser.cs,63,12,"M:System.IdentityModel.Tokens.Jwt.JwtSecurityTokenHandler.ValidateToken(System.String,Microsoft.IdentityModel.Tokens.TokenValidationParameters,Microsoft.IdentityModel.Tokens.SecurityToken@)",,,,,"var claimsPrincipal = tokenHandler.ValidateToken(jwtToken, tokenValidationParameters, out _);"
Api.0001,Binary incompatible for selected .NET version,Active,Mandatory,1,IIIFAuth2.API\IIIFAuth2.API.csproj,File,IIIFAuth2.API\Infrastructure\Auth\RoleProvisioning\Oidc\JwtTokenParser.cs,50,12,T:System.IdentityModel.Tokens.Jwt.JwtSecurityTokenHandler,,,,,var tokenHandler = new JwtSecurityTokenHandler();
Api.0001,Binary incompatible for selected .NET version,Active,Mandatory,1,IIIFAuth2.API\IIIFAuth2.API.csproj,File,IIIFAuth2.API\Infrastructure\Auth\RoleProvisioning\Oidc\JwtTokenParser.cs,50,12,M:System.IdentityModel.Tokens.Jwt.JwtSecurityTokenHandler.#ctor,,,,,var tokenHandler = new JwtSecurityTokenHandler();
Api.0003,Behavioral change in selected .NET version,Active,Potential,1,IIIFAuth2.API\IIIFAuth2.API.csproj,File,IIIFAuth2.API\Infrastructure\Auth\RoleProvisioning\Oidc\JwtTokenParser.cs,23,4,T:System.Uri,,,,," Task<ClaimsPrincipal?> GetClaimsFromToken(string jwtToken, Uri jwksUri, string issuer, string audience,         string? clientSecret, CancellationToken cancellationToken)"
Api.0003,Behavioral change in selected .NET version,Active,Potential,1,IIIFAuth2.API\IIIFAuth2.API.csproj,File,IIIFAuth2.API\Infrastructure\Auth\RoleProvisioning\Oidc\Auth0Client.cs,124,12,T:System.Net.Http.HttpContent,,,,,var auth0Token =                 await response.Content.ReadFromJsonAsync<Auth0TokenResponse>(cancellationToken: cancellationToken);
Api.0003,Behavioral change in selected .NET version,Active,Potential,1,IIIFAuth2.API\IIIFAuth2.API.csproj,File,IIIFAuth2.API\Infrastructure\Auth\RoleProvisioning\Oidc\Auth0Client.cs,120,12,T:System.Net.Http.HttpContent,,,,,request.Content = new FormUrlEncodedContent(data);
Api.0003,Behavioral change in selected .NET version,Active,Potential,1,IIIFAuth2.API\IIIFAuth2.API.csproj,File,IIIFAuth2.API\Infrastructure\Auth\RoleProvisioning\Oidc\Auth0Client.cs,119,12,T:System.Uri,,,,,"var request = new HttpRequestMessage(HttpMethod.Post, tokenEndpoint.Uri);"
Api.0003,Behavioral change in selected .NET version,Active,Potential,1,IIIFAuth2.API\IIIFAuth2.API.csproj,File,IIIFAuth2.API\Infrastructure\Auth\RoleProvisioning\Oidc\Auth0Client.cs,104,12,T:System.Uri,,,,,var callbackUrl = urlPathProvider.GetAccessServiceOAuthCallbackPath(accessService);
Api.0003,Behavioral change in selected .NET version,Active,Potential,1,IIIFAuth2.API\IIIFAuth2.API.csproj,File,IIIFAuth2.API\Infrastructure\Auth\RoleProvisioning\Oidc\Auth0Client.cs,96,4,T:System.Uri,,,,,private Uri GetJwksUri(OidcConfiguration oidcConfiguration)
Api.0003,Behavioral change in selected .NET version,Active,Potential,1,IIIFAuth2.API\IIIFAuth2.API.csproj,File,IIIFAuth2.API\Infrastructure\Auth\RoleProvisioning\Oidc\Auth0Client.cs,97,11,T:System.Uri,,,,,"new UriBuilder(oidcConfiguration.Domain) { Path = ""/.well-known/jwks.json"" }.Uri"
Api.0003,Behavioral change in selected .NET version,Active,Potential,1,IIIFAuth2.API\IIIFAuth2.API.csproj,File,IIIFAuth2.API\Infrastructure\Auth\RoleProvisioning\Oidc\Auth0Client.cs,87,8,T:System.Uri,,,,,"var claimsPrincipal =             await jwtTokenHandler.GetClaimsFromToken(auth0Token.IdToken, GetJwksUri(oidcConfiguration),                 issuer, audience, oidcConfiguration.ClientSecret, cancellationToken);"
Api.0003,Behavioral change in selected .NET version,Active,Potential,1,IIIFAuth2.API\IIIFAuth2.API.csproj,File,IIIFAuth2.API\Infrastructure\Auth\RoleProvisioning\Oidc\Auth0Client.cs,51,4,T:System.Uri,,,,,"public Uri GetAuthLoginUrl(OidcConfiguration oidcConfiguration, AccessService accessService, string state)"
Api.0003,Behavioral change in selected .NET version,Active,Potential,1,IIIFAuth2.API\IIIFAuth2.API.csproj,File,IIIFAuth2.API\Infrastructure\Auth\RoleProvisioning\Oidc\Auth0Client.cs,68,8,T:System.Uri,,,,,var loginUrl = authBuilder.Build();
Api.0003,Behavioral change in selected .NET version,Active,Potential,1,IIIFAuth2.API\IIIFAuth2.API.csproj,File,IIIFAuth2.API\Infrastructure\Auth\RoleProvisioning\Oidc\Auth0Client.cs,53,8,T:System.Uri,,,,,var callbackUrl = urlPathProvider.GetAccessServiceOAuthCallbackPath(accessService);
Api.0003,Behavioral change in selected .NET version,Active,Potential,1,IIIFAuth2.API\IIIFAuth2.API.csproj,File,IIIFAuth2.API\Infrastructure\Auth\RoleProvisioning\Oidc\Auth0Client.cs,16,4,T:System.Uri,,,,," Uri GetAuthLoginUrl(OidcConfiguration oidcConfiguration, AccessService accessService, string state)"
Api.0003,Behavioral change in selected .NET version,Active,Potential,1,IIIFAuth2.API\IIIFAuth2.API.csproj,File,IIIFAuth2.API\Infrastructure\Auth\RoleProvisioning\ClickThroughProviderHandler.cs,29,4,T:System.Uri,,,,,"public Task<HandleRoleProvisionResponse> CompleteRequest(         int customerId,         Uri requestOrigin,         AccessService accessService,         IProviderConfiguration providerConfiguration,         CancellationToken cancellationToken = default)"
Api.0003,Behavioral change in selected .NET version,Active,Potential,1,IIIFAuth2.API\IIIFAuth2.API.csproj,File,IIIFAuth2.API\Infrastructure\Auth\RoleProvisioning\RoleProvisionGranter.cs,64,8,T:System.Uri,,,,,var relativePath = urlPathProvider.GetGesturePostbackRelativePath(customerId);
Api.0003,Behavioral change in selected .NET version,Active,Potential,1,IIIFAuth2.API\IIIFAuth2.API.csproj,File,IIIFAuth2.API\Infrastructure\Auth\RoleProvisioning\RoleProvisionGranter.cs,36,4,T:System.Uri,,,,,"public async Task<HandleRoleProvisionResponse> CompleteRequest(         int customerId,         Uri requestOrigin,         IProviderConfiguration providerConfiguration,         Func<Task<IReadOnlyCollection<string>>> getRolesToBeGranted,         CancellationToken cancellationToken = default)"
Api.0003,Behavioral change in selected .NET version,Active,Potential,1,IIIFAuth2.API\IIIFAuth2.API.csproj,File,IIIFAuth2.API\Infrastructure\Auth\RoleProvisioning\RoleProviderService.cs,36,4,T:System.Uri,,,,,"public async Task<HandleRoleProvisionResponse?> HandleInitialRequest(int customerId, string accessServiceName,         Uri requestOrigin, CancellationToken cancellationToken = default)"
Api.0003,Behavioral change in selected .NET version,Active,Potential,1,IIIFAuth2.API\IIIFAuth2.API.csproj,File,IIIFAuth2.API\Infrastructure\Auth\RoleProvisioning\HandleRoleProvisionResponse.cs,38,4,T:System.Uri,,,,,public static HandleRoleProvisionResponse Redirect(Uri redirectUri)
Api.0003,Behavioral change in selected .NET version,Active,Potential,1,IIIFAuth2.API\IIIFAuth2.API.csproj,File,IIIFAuth2.API\Infrastructure\Auth\RoleProvisioning\HandleRoleProvisionResponse.cs,39,16,T:System.Uri,,,,,RedirectUri
Api.0003,Behavioral change in selected .NET version,Active,Potential,1,IIIFAuth2.API\IIIFAuth2.API.csproj,File,IIIFAuth2.API\Infrastructure\Auth\RoleProvisioning\HandleRoleProvisionResponse.cs,26,35,T:System.Uri,,,,,private init;
Api.0003,Behavioral change in selected .NET version,Active,Potential,1,IIIFAuth2.API\IIIFAuth2.API.csproj,File,IIIFAuth2.API\Infrastructure\Auth\RoleProvisioning\HandleRoleProvisionResponse.cs,26,30,T:System.Uri,,,,,get;
Api.0003,Behavioral change in selected .NET version,Active,Potential,1,IIIFAuth2.API\IIIFAuth2.API.csproj,File,IIIFAuth2.API\Infrastructure\Auth\RoleProvisioning\HandleRoleProvisionResponse.cs,26,4,T:System.Uri,,,,,public Uri? RedirectUri
Api.0003,Behavioral change in selected .NET version,Active,Potential,1,IIIFAuth2.API\IIIFAuth2.API.csproj,File,IIIFAuth2.API\Infrastructure\Auth\CustomerDomainService.cs,94,4,T:System.Uri,,,,,"private async Task<bool> IsOriginSubdomainOfCookieDomain(int customerId, Uri origin)"
Api.0003,Behavioral change in selected .NET version,Active,Potential,1,IIIFAuth2.API\IIIFAuth2.API.csproj,File,IIIFAuth2.API\Infrastructure\Auth\CustomerDomainService.cs,81,4,T:System.Uri,,,,,"private bool OriginSubdomainOfHost(Uri origin, HttpRequest currentRequest)"
Api.0003,Behavioral change in selected .NET version,Active,Potential,1,IIIFAuth2.API\IIIFAuth2.API.csproj,File,IIIFAuth2.API\Infrastructure\Auth\CustomerDomainService.cs,72,4,T:System.Uri,,,,,"private bool OriginMatchesHost(Uri origin, HttpRequest currentRequest)"
Api.0003,Behavioral change in selected .NET version,Active,Potential,1,IIIFAuth2.API\IIIFAuth2.API.csproj,File,IIIFAuth2.API\Infrastructure\Auth\CustomerDomainService.cs,43,4,T:System.Uri,,,,,"public async Task<bool> OriginForControlledDomain(int customerId, Uri origin)"
Api.0003,Behavioral change in selected .NET version,Active,Potential,1,IIIFAuth2.API\IIIFAuth2.API.csproj,File,IIIFAuth2.API\Infrastructure\Auth\CustomerDomainService.cs,18,4,T:System.Uri,,,,," Task<bool> OriginForControlledDomain(int customerId, Uri origin)"
Api.0002,Source incompatible for selected .NET version,Active,Potential,1,IIIFAuth2.API\IIIFAuth2.API.csproj,File,IIIFAuth2.API\Infrastructure\Auth\SessionManagementService.cs,247,8,M:System.TimeSpan.FromSeconds(System.Double),,,,,"return await appCache.GetOrAddAsync(cacheKey, async entry =>         {             Logger.LogTrace(""Refreshing cached session for {AuthAspect} for {CustomerId}"", aspectValue, customerId);             var tryGetSessionResponse =                 await GetRefreshedSessionInternal(predicate, customerId, aspectValue, origin, cancellationToken);              if (tryGetSessionResponse.IsSuccessWithSession())             {                 // Cache successful checks until just before next check time - overwriting default                 var lastChecked = tryGetSessionResponse.SessionUser!.LastChecked ?? DateTime.UtcNow;                 var entryAbsoluteExpiration = lastChecked.AddSeconds(authSettings.RefreshThreshold * 0.9);                 Logger.LogTrace(""{AuthAspect} for {CustomerId} successfully fetched, caching until {CacheExpiry}"",                     aspectValue, customerId, entryAbsoluteExpiration);                 entry.AbsoluteExpiration = entryAbsoluteExpiration;             }              return tryGetSessionResponse;          }, new MemoryCacheEntryOptions { AbsoluteExpirationRelativeToNow = TimeSpan.FromSeconds(2) });"
Api.0001,Binary incompatible for selected .NET version,Active,Mandatory,1,IIIFAuth2.API\IIIFAuth2.API.csproj,File,IIIFAuth2.API\Infrastructure\ServiceCollectionX.cs,103,11,T:Microsoft.Extensions.DependencyInjection.ServiceCollectionExtensions,,,,,services             .AddDefaultAWSOptions(configuration.GetAWSOptions())
Api.0001,Binary incompatible for selected .NET version,Active,Mandatory,1,IIIFAuth2.API\IIIFAuth2.API.csproj,File,IIIFAuth2.API\Infrastructure\ServiceCollectionX.cs,103,11,T:Microsoft.Extensions.DependencyInjection.ServiceCollectionExtensions,,,,,services             .AddDefaultAWSOptions(configuration.GetAWSOptions())             .AddAWSService<IAmazonSecretsManager>()
Api.0001,Binary incompatible for selected .NET version,Active,Mandatory,1,IIIFAuth2.API\IIIFAuth2.API.csproj,File,IIIFAuth2.API\Infrastructure\ServiceCollectionX.cs,63,11,"M:Microsoft.Extensions.DependencyInjection.OptionsConfigurationServiceCollectionExtensions.Configure``1(Microsoft.Extensions.DependencyInjection.IServiceCollection,Microsoft.Extensions.Configuration.IConfiguration)",,,,,services             .Configure<ApiSettings>(configuration)
Api.0001,Binary incompatible for selected .NET version,Active,Mandatory,1,IIIFAuth2.API\IIIFAuth2.API.csproj,File,IIIFAuth2.API\Infrastructure\ServiceCollectionX.cs,63,11,"M:Microsoft.Extensions.DependencyInjection.OptionsConfigurationServiceCollectionExtensions.Configure``1(Microsoft.Extensions.DependencyInjection.IServiceCollection,Microsoft.Extensions.Configuration.IConfiguration)",,,,,"services             .Configure<ApiSettings>(configuration)             .Configure<AuthSettings>(configuration.GetSection(""Auth""))"
Api.0003,Behavioral change in selected .NET version,Active,Potential,1,IIIFAuth2.API\IIIFAuth2.API.csproj,File,IIIFAuth2.API\Models\Converters\AccessServiceConverter.cs,63,8,T:System.Uri,,,,,"var logoutService = new AuthLogoutService2         {             Id = pathProvider.GetAccessServiceLogoutPath(accessService).ToString(),             Label = accessService.LogoutLabel ?? new LanguageMap(""en"", $""Logout of {accessService.Name}"")         };"
Api.0003,Behavioral change in selected .NET version,Active,Potential,1,IIIFAuth2.API\IIIFAuth2.API.csproj,File,IIIFAuth2.API\Models\Converters\AccessServiceConverter.cs,52,8,T:System.Uri,,,,,"var authTokenService = new AuthAccessTokenService2         {             Id = pathProvider.GetAccessTokenServicePath(accessService.Customer).ToString(),             ErrorHeading = accessService.AccessTokenErrorHeading,             ErrorNote = accessService.AccessTokenErrorNote,         };"
Api.0003,Behavioral change in selected .NET version,Active,Potential,1,IIIFAuth2.API\IIIFAuth2.API.csproj,File,IIIFAuth2.API\Models\Converters\AccessServiceConverter.cs,33,8,T:System.Uri,,,,,"var authAccessService = new AuthAccessService2         {             Id = pathProvider.GetAccessServicePath(accessService).ToString(),             Profile = accessService.Profile,             Label = accessService.Label,             Heading = accessService.Heading,             Note = accessService.Note,             ConfirmLabel = accessService.ConfirmLabel,             Service = new List<IService>             {                 GenerateTokenService(accessService, pathProvider),                 GenerateLogoutService(accessService, pathProvider),             },         };"
Api.0003,Behavioral change in selected .NET version,Active,Potential,1,IIIFAuth2.API\IIIFAuth2.API.csproj,File,IIIFAuth2.API\Models\Converters\AccessServiceConverter.cs,13,8,T:System.Uri,,,,,"var probeService = new AuthProbeService2         {             Id = pathProvider.GetOrchestratorProbeServicePath(assetId).ToString(),             Service = new List<IService>(accessServices.Count),         };"
Api.0003,Behavioral change in selected .NET version,Active,Potential,1,IIIFAuth2.API\IIIFAuth2.API.csproj,File,IIIFAuth2.API\Features\Access\Requests\InitiateRoleProvisionRequest.cs,34,8,T:System.Uri,,,,,"var handled = await roleProviderService.HandleInitialRequest(request.CustomerId, request.AccessServiceName,             request.Origin, cancellationToken);"
Api.0003,Behavioral change in selected .NET version,Active,Potential,1,IIIFAuth2.API\IIIFAuth2.API.csproj,File,IIIFAuth2.API\Features\Access\Requests\InitiateRoleProvisionRequest.cs,15,4,T:System.Uri,,,,,"public InitiateRoleProvisionRequest(int customerId, string accessServiceName, Uri origin)     {         CustomerId = customerId;         AccessServiceName = accessServiceName;         Origin = origin;     }"
Api.0003,Behavioral change in selected .NET version,Active,Potential,1,IIIFAuth2.API\IIIFAuth2.API.csproj,File,IIIFAuth2.API\Features\Access\Requests\InitiateRoleProvisionRequest.cs,19,8,T:System.Uri,,,,,Origin = origin;
Api.0003,Behavioral change in selected .NET version,Active,Potential,1,IIIFAuth2.API\IIIFAuth2.API.csproj,File,IIIFAuth2.API\Features\Access\Requests\InitiateRoleProvisionRequest.cs,13,24,T:System.Uri,,,,,get;
Api.0003,Behavioral change in selected .NET version,Active,Potential,1,IIIFAuth2.API\IIIFAuth2.API.csproj,File,IIIFAuth2.API\Features\Access\Requests\InitiateRoleProvisionRequest.cs,13,4,T:System.Uri,,,,,public Uri Origin
Api.0003,Behavioral change in selected .NET version,Active,Potential,1,IIIFAuth2.API\IIIFAuth2.API.csproj,File,IIIFAuth2.API\Features\Access\Requests\InitiateRoleProvisionRequest.cs,15,4,T:System.Uri,,,,,"public InitiateRoleProvisionRequest(int customerId, string accessServiceName, Uri origin)     {         CustomerId = customerId;         AccessServiceName = accessServiceName;         Origin = origin;     }"
Api.0003,Behavioral change in selected .NET version,Active,Potential,1,IIIFAuth2.API\IIIFAuth2.API.csproj,File,IIIFAuth2.API\Features\Access\Requests\InitiateRoleProvisionRequest.cs,19,8,T:System.Uri,,,,,Origin = origin;
Api.0003,Behavioral change in selected .NET version,Active,Potential,1,IIIFAuth2.API\IIIFAuth2.API.csproj,File,IIIFAuth2.API\Features\Access\Requests\HandleAccessTokenRequest.cs,19,4,T:System.Uri,,,,,"public HandleAccessTokenRequest(int customerId, Uri origin, string messageId)     {         CustomerId = customerId;         Origin = origin.ToString();         MessageId = messageId;     }"
Api.0003,Behavioral change in selected .NET version,Active,Potential,1,IIIFAuth2.API\IIIFAuth2.API.csproj,File,IIIFAuth2.API\Features\Access\Requests\HandleAccessTokenRequest.cs,19,4,T:System.Uri,,,,,"public HandleAccessTokenRequest(int customerId, Uri origin, string messageId)     {         CustomerId = customerId;         Origin = origin.ToString();         MessageId = messageId;     }"
Api.0003,Behavioral change in selected .NET version,Active,Potential,1,IIIFAuth2.API\IIIFAuth2.API.csproj,File,IIIFAuth2.API\Features\Access\AccessController.cs,104,16,T:System.Uri,,,,,return Redirect(provisionRoleResponse.RedirectUri!.ToString());
Api.0003,Behavioral change in selected .NET version,Active,Potential,1,IIIFAuth2.API\IIIFAuth2.API.csproj,File,IIIFAuth2.API\Features\Access\AccessController.cs,23,4,T:System.Uri,,,,,"public Task<IActionResult> AccessService(         [FromRoute] int customerId,         [FromRoute] string accessServiceName,         [FromQuery] Uri origin,         CancellationToken cancellationToken)"
Api.0003,Behavioral change in selected .NET version,Active,Potential,1,IIIFAuth2.API\IIIFAuth2.API.csproj,File,IIIFAuth2.API\Features\Access\AccessTokenController.cs,27,4,T:System.Uri,,,,,"public async Task<IActionResult> AccessTokenService(         [FromRoute] int customerId,         [FromQuery] string messageId,         [FromQuery] Uri? origin,         CancellationToken cancellationToken)"
Api.0003,Behavioral change in selected .NET version,Active,Potential,1,IIIFAuth2.API\IIIFAuth2.API.csproj,File,IIIFAuth2.API\Data\Converters\LanguageMapConverter.cs,29,62,M:System.ValueType.GetHashCode,,,,,v.GetHashCode()
Api.0003,Behavioral change in selected .NET version,Active,Potential,1,IIIFAuth2.API\IIIFAuth2.API.csproj,File,IIIFAuth2.API\Data\Converters\LanguageMapConverter.cs,29,62,M:System.ValueType.GetHashCode,,,,,v.GetHashCode()
Api.0003,Behavioral change in selected .NET version,Active,Potential,1,IIIFAuth2.API\IIIFAuth2.API.csproj,File,IIIFAuth2.API\Data\AuthServicesContext.cs,68,8,M:System.ValueType.GetHashCode,,,,,"modelBuilder             .Entity<RoleProvider>()             .Property(p => p.Configuration)             .HasColumnType(""jsonb"")             .HasConversion(                 modelValue => JsonConvert.SerializeObject(modelValue, JsonSettings),                 dbValue => JsonConvert.DeserializeObject<RoleProviderConfiguration>(dbValue, JsonSettings),                 new ValueComparer<RoleProviderConfiguration>(                     (c1, c2) => c1.SequenceEqual(c2),                     c => c.Aggregate(0, (a, v) => HashCode.Combine(a, v.GetHashCode())),                     c => c));"
Api.0003,Behavioral change in selected .NET version,Active,Potential,1,IIIFAuth2.API\IIIFAuth2.API.csproj,File,IIIFAuth2.API\Program.cs,53,4,M:Microsoft.AspNetCore.Builder.ForwardedHeadersExtensions.UseForwardedHeaders(Microsoft.AspNetCore.Builder.IApplicationBuilder),,,,,app.UseForwardedHeaders();
Api.0001,Binary incompatible for selected .NET version,Active,Mandatory,1,IIIFAuth2.API\IIIFAuth2.API.csproj,File,IIIFAuth2.API\Program.cs,39,4,M:Microsoft.Extensions.Configuration.ConfigurationBinder.Get``1(Microsoft.Extensions.Configuration.IConfiguration),,,,,var apiSettings = builder.Configuration.Get<ApiSettings>()!;
NuGet.0002,NuGet package upgrade is recommended,Active,Potential,1,IIIFAuth2.API.Tests\IIIFAuth2.API.Tests.csproj,File,IIIFAuth2.API.Tests\IIIFAuth2.API.Tests.csproj,,,Microsoft.AspNetCore.Mvc.Testing 6.0.20,,,,,"Microsoft.AspNetCore.Mvc.Testing, 6.0.20  Recommendation:  Remove Microsoft.AspNetCore.Mvc.Testing, and replace with new package Microsoft.AspNetCore.Mvc.Testing 10.0.3"
NuGet.0002,NuGet package upgrade is recommended,Active,Potential,1,IIIFAuth2.API.Tests\IIIFAuth2.API.Tests.csproj,File,IIIFAuth2.API.Tests\IIIFAuth2.API.Tests.csproj,,,Microsoft.EntityFrameworkCore 7.0.9,,,,,"Microsoft.EntityFrameworkCore, 7.0.9  Recommendation:  Remove Microsoft.EntityFrameworkCore, and replace with new package Microsoft.EntityFrameworkCore 10.0.3"
Project.0002,Project's target framework(s) needs to be changed,Active,Mandatory,1,IIIFAuth2.API.Tests\IIIFAuth2.API.Tests.csproj,File,IIIFAuth2.API.Tests\IIIFAuth2.API.Tests.csproj,,,,,,,,Current target framework: net6.0 Recommended target framework: net10.0
Api.0003,Behavioral change in selected .NET version,Active,Potential,1,IIIFAuth2.API.Tests\IIIFAuth2.API.Tests.csproj,File,IIIFAuth2.API.Tests\TestingInfrastructure\ControllableHttpMessageHandler.cs,44,8,T:System.Uri,,,,,CallsMade.Add(request.RequestUri.ToString());
Api.0003,Behavioral change in selected .NET version,Active,Potential,1,IIIFAuth2.API.Tests\IIIFAuth2.API.Tests.csproj,File,IIIFAuth2.API.Tests\TestingInfrastructure\ControllableHttpMessageHandler.cs,22,8,T:System.Net.Http.HttpContent,,,,,"response = new HttpResponseMessage         {             StatusCode = httpStatusCode,             Content = httpContent,         };"
Api.0003,Behavioral change in selected .NET version,Active,Potential,1,IIIFAuth2.API.Tests\IIIFAuth2.API.Tests.csproj,File,IIIFAuth2.API.Tests\Integration\ServicesTests.cs,176,8,T:System.Net.Http.HttpContent,,,,,var probeService = (await response.Content.ReadAsStreamAsync()).FromJsonStream<AuthProbeService2>();
Api.0003,Behavioral change in selected .NET version,Active,Potential,1,IIIFAuth2.API.Tests\IIIFAuth2.API.Tests.csproj,File,IIIFAuth2.API.Tests\Integration\ServicesTests.cs,176,8,M:System.Net.Http.HttpContent.ReadAsStreamAsync,,,,,var probeService = (await response.Content.ReadAsStreamAsync()).FromJsonStream<AuthProbeService2>();
Api.0003,Behavioral change in selected .NET version,Active,Potential,1,IIIFAuth2.API.Tests\IIIFAuth2.API.Tests.csproj,File,IIIFAuth2.API.Tests\Integration\ServicesTests.cs,138,8,T:System.Net.Http.HttpContent,,,,,var probeService = (await response.Content.ReadAsStreamAsync()).FromJsonStream<AuthProbeService2>();
Api.0003,Behavioral change in selected .NET version,Active,Potential,1,IIIFAuth2.API.Tests\IIIFAuth2.API.Tests.csproj,File,IIIFAuth2.API.Tests\Integration\ServicesTests.cs,138,8,M:System.Net.Http.HttpContent.ReadAsStreamAsync,,,,,var probeService = (await response.Content.ReadAsStreamAsync()).FromJsonStream<AuthProbeService2>();
Api.0003,Behavioral change in selected .NET version,Active,Potential,1,IIIFAuth2.API.Tests\IIIFAuth2.API.Tests.csproj,File,IIIFAuth2.API.Tests\Integration\AccessTokenServiceTests.cs,287,8,T:System.Net.Http.HttpContent,,,,,var document = htmlParser.ParseDocument(await response.Content.ReadAsStreamAsync());
Api.0003,Behavioral change in selected .NET version,Active,Potential,1,IIIFAuth2.API.Tests\IIIFAuth2.API.Tests.csproj,File,IIIFAuth2.API.Tests\Integration\AccessTokenServiceTests.cs,287,8,M:System.Net.Http.HttpContent.ReadAsStreamAsync,,,,,var document = htmlParser.ParseDocument(await response.Content.ReadAsStreamAsync());
Api.0002,Source incompatible for selected .NET version,Active,Potential,1,IIIFAuth2.API.Tests\IIIFAuth2.API.Tests.csproj,File,IIIFAuth2.API.Tests\Integration\AccessTokenServiceTests.cs,280,8,M:System.TimeSpan.FromMilliseconds(System.Double),,,,,"sessionUser.Entity.LastChecked.Should().BeCloseTo(lastChecked, TimeSpan.FromMilliseconds(100));"
Api.0002,Source incompatible for selected .NET version,Active,Potential,1,IIIFAuth2.API.Tests\IIIFAuth2.API.Tests.csproj,File,IIIFAuth2.API.Tests\Integration\AccessTokenServiceTests.cs,258,8,M:System.TimeSpan.FromSeconds(System.Double),,,,,"sessionUser.Entity.LastChecked.Should().BeCloseTo(DateTime.UtcNow, TimeSpan.FromSeconds(3));"
Api.0002,Source incompatible for selected .NET version,Active,Potential,1,IIIFAuth2.API.Tests\IIIFAuth2.API.Tests.csproj,File,IIIFAuth2.API.Tests\Integration\AccessTokenServiceTests.cs,236,8,M:System.TimeSpan.FromSeconds(System.Double),,,,,"sessionUser.Entity.LastChecked.Should().BeCloseTo(DateTime.UtcNow, TimeSpan.FromSeconds(3));"
Api.0002,Source incompatible for selected .NET version,Active,Potential,1,IIIFAuth2.API.Tests\IIIFAuth2.API.Tests.csproj,File,IIIFAuth2.API.Tests\Integration\VerifyAccessTests.cs,266,8,M:System.TimeSpan.FromMilliseconds(System.Double),,,,,"sessionUser.Entity.LastChecked.Should().BeCloseTo(lastChecked, TimeSpan.FromMilliseconds(100));"
Api.0002,Source incompatible for selected .NET version,Active,Potential,1,IIIFAuth2.API.Tests\IIIFAuth2.API.Tests.csproj,File,IIIFAuth2.API.Tests\Integration\VerifyAccessTests.cs,243,8,M:System.TimeSpan.FromSeconds(System.Double),,,,,"sessionUser.Entity.LastChecked.Should().BeCloseTo(DateTime.UtcNow, TimeSpan.FromSeconds(3));"
Api.0002,Source incompatible for selected .NET version,Active,Potential,1,IIIFAuth2.API.Tests\IIIFAuth2.API.Tests.csproj,File,IIIFAuth2.API.Tests\Integration\VerifyAccessTests.cs,220,8,M:System.TimeSpan.FromSeconds(System.Double),,,,,"sessionUser.Entity.LastChecked.Should().BeCloseTo(DateTime.UtcNow, TimeSpan.FromSeconds(3));"
Api.0003,Behavioral change in selected .NET version,Active,Potential,1,IIIFAuth2.API.Tests\IIIFAuth2.API.Tests.csproj,File,IIIFAuth2.API.Tests\Integration\AccessServiceTests.cs,671,8,T:System.Net.Http.HttpContent,,,,,var document = htmlParser.ParseDocument(await response.Content.ReadAsStreamAsync());
Api.0003,Behavioral change in selected .NET version,Active,Potential,1,IIIFAuth2.API.Tests\IIIFAuth2.API.Tests.csproj,File,IIIFAuth2.API.Tests\Integration\AccessServiceTests.cs,671,8,M:System.Net.Http.HttpContent.ReadAsStreamAsync,,,,,var document = htmlParser.ParseDocument(await response.Content.ReadAsStreamAsync());
Api.0003,Behavioral change in selected .NET version,Active,Potential,1,IIIFAuth2.API.Tests\IIIFAuth2.API.Tests.csproj,File,IIIFAuth2.API.Tests\Integration\AccessServiceTests.cs,449,8,T:System.Net.Http.HttpContent,,,,,var document = htmlParser.ParseDocument(await response.Content.ReadAsStreamAsync());
Api.0003,Behavioral change in selected .NET version,Active,Potential,1,IIIFAuth2.API.Tests\IIIFAuth2.API.Tests.csproj,File,IIIFAuth2.API.Tests\Integration\AccessServiceTests.cs,449,8,M:System.Net.Http.HttpContent.ReadAsStreamAsync,,,,,var document = htmlParser.ParseDocument(await response.Content.ReadAsStreamAsync());
Api.0003,Behavioral change in selected .NET version,Active,Potential,1,IIIFAuth2.API.Tests\IIIFAuth2.API.Tests.csproj,File,IIIFAuth2.API.Tests\Integration\AccessServiceTests.cs,436,8,T:System.Uri,,,,,"var path = $""/access/99/oidc/oauth2/callback?state={Uri.EscapeDataString(stateToken.Id)}&code={code}"";"
Api.0003,Behavioral change in selected .NET version,Active,Potential,1,IIIFAuth2.API.Tests\IIIFAuth2.API.Tests.csproj,File,IIIFAuth2.API.Tests\Integration\AccessServiceTests.cs,429,8,T:System.Uri,,,,,"var stateToken = new RoleProvisionToken         {             Id = ExpiringToken.GenerateNewToken(DateTime.UtcNow), Customer = 99, Used = false, Origin = httpClient.BaseAddress.ToString()         };"
Api.0003,Behavioral change in selected .NET version,Active,Potential,1,IIIFAuth2.API.Tests\IIIFAuth2.API.Tests.csproj,File,IIIFAuth2.API.Tests\Integration\AccessServiceTests.cs,396,8,T:System.Uri,,,,,"var path = $""/access/99/oidc/oauth2/callback?state={Uri.EscapeDataString(stateToken.Id)}&code={code}"";"
Api.0003,Behavioral change in selected .NET version,Active,Potential,1,IIIFAuth2.API.Tests\IIIFAuth2.API.Tests.csproj,File,IIIFAuth2.API.Tests\Integration\AccessServiceTests.cs,389,8,T:System.Uri,,,,,"var stateToken = new RoleProvisionToken         {             Id = ExpiringToken.GenerateNewToken(DateTime.UtcNow), Customer = 99, Used = false, Origin = httpClient.BaseAddress.ToString()         };"
Api.0003,Behavioral change in selected .NET version,Active,Potential,1,IIIFAuth2.API.Tests\IIIFAuth2.API.Tests.csproj,File,IIIFAuth2.API.Tests\Integration\AccessServiceTests.cs,372,8,T:System.Net.Http.HttpContent,,,,,var document = htmlParser.ParseDocument(await response.Content.ReadAsStreamAsync());
Api.0003,Behavioral change in selected .NET version,Active,Potential,1,IIIFAuth2.API.Tests\IIIFAuth2.API.Tests.csproj,File,IIIFAuth2.API.Tests\Integration\AccessServiceTests.cs,372,8,M:System.Net.Http.HttpContent.ReadAsStreamAsync,,,,,var document = htmlParser.ParseDocument(await response.Content.ReadAsStreamAsync());
Api.0003,Behavioral change in selected .NET version,Active,Potential,1,IIIFAuth2.API.Tests\IIIFAuth2.API.Tests.csproj,File,IIIFAuth2.API.Tests\Integration\AccessServiceTests.cs,359,8,T:System.Uri,,,,,"var path = $""/access/99/oidc/oauth2/callback?state={Uri.EscapeDataString(stateToken.Id)}&code={code}"";"
Api.0003,Behavioral change in selected .NET version,Active,Potential,1,IIIFAuth2.API.Tests\IIIFAuth2.API.Tests.csproj,File,IIIFAuth2.API.Tests\Integration\AccessServiceTests.cs,332,8,T:System.Uri,,,,,"var path = $""/access/99/oidc/oauth2/callback?state={Uri.EscapeDataString(stateToken.Id)}&code={code}"";"
Api.0003,Behavioral change in selected .NET version,Active,Potential,1,IIIFAuth2.API.Tests\IIIFAuth2.API.Tests.csproj,File,IIIFAuth2.API.Tests\Integration\AccessServiceTests.cs,315,8,T:System.Net.Http.HttpContent,,,,,var document = htmlParser.ParseDocument(await response.Content.ReadAsStreamAsync());
Api.0003,Behavioral change in selected .NET version,Active,Potential,1,IIIFAuth2.API.Tests\IIIFAuth2.API.Tests.csproj,File,IIIFAuth2.API.Tests\Integration\AccessServiceTests.cs,315,8,M:System.Net.Http.HttpContent.ReadAsStreamAsync,,,,,var document = htmlParser.ParseDocument(await response.Content.ReadAsStreamAsync());
Api.0003,Behavioral change in selected .NET version,Active,Potential,1,IIIFAuth2.API.Tests\IIIFAuth2.API.Tests.csproj,File,IIIFAuth2.API.Tests\Integration\AccessServiceTests.cs,306,8,T:System.Uri,,,,,"var path = $""/access/99/oidc/oauth2/callback?state={Uri.EscapeDataString(token.Id)}&code=12345"";"
Api.0003,Behavioral change in selected .NET version,Active,Potential,1,IIIFAuth2.API.Tests\IIIFAuth2.API.Tests.csproj,File,IIIFAuth2.API.Tests\Integration\AccessServiceTests.cs,291,8,T:System.Net.Http.HttpContent,,,,,var document = htmlParser.ParseDocument(await response.Content.ReadAsStreamAsync());
Api.0003,Behavioral change in selected .NET version,Active,Potential,1,IIIFAuth2.API.Tests\IIIFAuth2.API.Tests.csproj,File,IIIFAuth2.API.Tests\Integration\AccessServiceTests.cs,291,8,M:System.Net.Http.HttpContent.ReadAsStreamAsync,,,,,var document = htmlParser.ParseDocument(await response.Content.ReadAsStreamAsync());
Api.0003,Behavioral change in selected .NET version,Active,Potential,1,IIIFAuth2.API.Tests\IIIFAuth2.API.Tests.csproj,File,IIIFAuth2.API.Tests\Integration\AccessServiceTests.cs,262,8,T:System.Uri,,,,,response.Headers.Location.Should().Be(authUri);
Api.0003,Behavioral change in selected .NET version,Active,Potential,1,IIIFAuth2.API.Tests\IIIFAuth2.API.Tests.csproj,File,IIIFAuth2.API.Tests\Integration\AccessServiceTests.cs,254,8,T:System.Uri,,,,,"A.CallTo(() => Auth0Client.GetAuthLoginUrl(A<OidcConfiguration>._, A<AccessService>._, A<string>._))             .Returns(authUri);"
Api.0003,Behavioral change in selected .NET version,Active,Potential,1,IIIFAuth2.API.Tests\IIIFAuth2.API.Tests.csproj,File,IIIFAuth2.API.Tests\Integration\AccessServiceTests.cs,253,8,T:System.Uri,,,,,"var authUri = new Uri(""http://sample.idp/authorize"");"
Api.0003,Behavioral change in selected .NET version,Active,Potential,1,IIIFAuth2.API.Tests\IIIFAuth2.API.Tests.csproj,File,IIIFAuth2.API.Tests\Integration\AccessServiceTests.cs,253,8,M:System.Uri.#ctor(System.String),,,,,"var authUri = new Uri(""http://sample.idp/authorize"");"
Api.0003,Behavioral change in selected .NET version,Active,Potential,1,IIIFAuth2.API.Tests\IIIFAuth2.API.Tests.csproj,File,IIIFAuth2.API.Tests\Integration\AccessServiceTests.cs,252,8,T:System.Uri,,,,,"var path = $""/access/99/oidc?origin={httpClient.BaseAddress}"";"
Api.0003,Behavioral change in selected .NET version,Active,Potential,1,IIIFAuth2.API.Tests\IIIFAuth2.API.Tests.csproj,File,IIIFAuth2.API.Tests\Integration\AccessServiceTests.cs,243,8,T:System.Net.Http.HttpContent,,,,,var document = htmlParser.ParseDocument(await response.Content.ReadAsStreamAsync());
Api.0003,Behavioral change in selected .NET version,Active,Potential,1,IIIFAuth2.API.Tests\IIIFAuth2.API.Tests.csproj,File,IIIFAuth2.API.Tests\Integration\AccessServiceTests.cs,243,8,M:System.Net.Http.HttpContent.ReadAsStreamAsync,,,,,var document = htmlParser.ParseDocument(await response.Content.ReadAsStreamAsync());
Api.0003,Behavioral change in selected .NET version,Active,Potential,1,IIIFAuth2.API.Tests\IIIFAuth2.API.Tests.csproj,File,IIIFAuth2.API.Tests\Integration\AccessServiceTests.cs,234,8,T:System.Uri,,,,,"var path = $""/access/99/clickthrough?origin={httpClient.BaseAddress}"";"
Api.0003,Behavioral change in selected .NET version,Active,Potential,1,IIIFAuth2.API.Tests\IIIFAuth2.API.Tests.csproj,File,IIIFAuth2.API.Tests\Integration\AccessServiceTests.cs,144,8,T:System.Uri,,,,,"var baseAddress = httpClient.BaseAddress!.ToString().Replace(""http://"", ""https://"");"
Api.0003,Behavioral change in selected .NET version,Active,Potential,1,IIIFAuth2.API.Tests\IIIFAuth2.API.Tests.csproj,File,IIIFAuth2.API.Tests\Integration\AccessServiceTests.cs,115,8,T:System.Uri,,,,,"var path = $""/access/99/clickthrough?origin={httpClient.BaseAddress}"";"
Api.0003,Behavioral change in selected .NET version,Active,Potential,1,IIIFAuth2.API.Tests\IIIFAuth2.API.Tests.csproj,File,IIIFAuth2.API.Tests\Integration\AccessServiceTests.cs,98,8,T:System.Net.Http.HttpContent,,,,,var document = htmlParser.ParseDocument(await response.Content.ReadAsStreamAsync());
Api.0003,Behavioral change in selected .NET version,Active,Potential,1,IIIFAuth2.API.Tests\IIIFAuth2.API.Tests.csproj,File,IIIFAuth2.API.Tests\Integration\AccessServiceTests.cs,98,8,M:System.Net.Http.HttpContent.ReadAsStreamAsync,,,,,var document = htmlParser.ParseDocument(await response.Content.ReadAsStreamAsync());
Api.0003,Behavioral change in selected .NET version,Active,Potential,1,IIIFAuth2.API.Tests\IIIFAuth2.API.Tests.csproj,File,IIIFAuth2.API.Tests\Integration\AccessServiceTests.cs,80,8,T:System.Net.Http.HttpContent,,,,,var document = htmlParser.ParseDocument(await response.Content.ReadAsStreamAsync());
Api.0003,Behavioral change in selected .NET version,Active,Potential,1,IIIFAuth2.API.Tests\IIIFAuth2.API.Tests.csproj,File,IIIFAuth2.API.Tests\Integration\AccessServiceTests.cs,80,8,M:System.Net.Http.HttpContent.ReadAsStreamAsync,,,,,var document = htmlParser.ParseDocument(await response.Content.ReadAsStreamAsync());
Api.0002,Source incompatible for selected .NET version,Active,Potential,1,IIIFAuth2.API.Tests\IIIFAuth2.API.Tests.csproj,File,IIIFAuth2.API.Tests\Integration\ProbeServiceTests.cs,274,8,M:System.TimeSpan.FromMilliseconds(System.Double),,,,,"sessionUser.Entity.LastChecked.Should().BeCloseTo(lastChecked, TimeSpan.FromMilliseconds(100));"
Api.0002,Source incompatible for selected .NET version,Active,Potential,1,IIIFAuth2.API.Tests\IIIFAuth2.API.Tests.csproj,File,IIIFAuth2.API.Tests\Integration\ProbeServiceTests.cs,250,8,M:System.TimeSpan.FromSeconds(System.Double),,,,,"sessionUser.Entity.LastChecked.Should().BeCloseTo(DateTime.UtcNow, TimeSpan.FromSeconds(3));"
Api.0002,Source incompatible for selected .NET version,Active,Potential,1,IIIFAuth2.API.Tests\IIIFAuth2.API.Tests.csproj,File,IIIFAuth2.API.Tests\Integration\ProbeServiceTests.cs,226,8,M:System.TimeSpan.FromSeconds(System.Double),,,,,"sessionUser.Entity.LastChecked.Should().BeCloseTo(DateTime.UtcNow, TimeSpan.FromSeconds(3));"
Api.0003,Behavioral change in selected .NET version,Active,Potential,1,IIIFAuth2.API.Tests\IIIFAuth2.API.Tests.csproj,File,IIIFAuth2.API.Tests\Integration\ProbeServiceTests.cs,201,8,T:System.Net.Http.HttpContent,,,,,var authProbeResult = (await response.Content.ReadAsStreamAsync()).FromJsonStream<AuthProbeResult2>();
Api.0003,Behavioral change in selected .NET version,Active,Potential,1,IIIFAuth2.API.Tests\IIIFAuth2.API.Tests.csproj,File,IIIFAuth2.API.Tests\Integration\ProbeServiceTests.cs,201,8,M:System.Net.Http.HttpContent.ReadAsStreamAsync,,,,,var authProbeResult = (await response.Content.ReadAsStreamAsync()).FromJsonStream<AuthProbeResult2>();
Api.0003,Behavioral change in selected .NET version,Active,Potential,1,IIIFAuth2.API.Tests\IIIFAuth2.API.Tests.csproj,File,IIIFAuth2.API.Tests\Integration\ProbeServiceTests.cs,177,8,T:System.Net.Http.HttpContent,,,,,var authProbeResult = (await response.Content.ReadAsStreamAsync()).FromJsonStream<AuthProbeResult2>();
Api.0003,Behavioral change in selected .NET version,Active,Potential,1,IIIFAuth2.API.Tests\IIIFAuth2.API.Tests.csproj,File,IIIFAuth2.API.Tests\Integration\ProbeServiceTests.cs,177,8,M:System.Net.Http.HttpContent.ReadAsStreamAsync,,,,,var authProbeResult = (await response.Content.ReadAsStreamAsync()).FromJsonStream<AuthProbeResult2>();
Api.0003,Behavioral change in selected .NET version,Active,Potential,1,IIIFAuth2.API.Tests\IIIFAuth2.API.Tests.csproj,File,IIIFAuth2.API.Tests\Integration\ProbeServiceTests.cs,153,8,T:System.Net.Http.HttpContent,,,,,var authProbeResult = (await response.Content.ReadAsStreamAsync()).FromJsonStream<AuthProbeResult2>();
Api.0003,Behavioral change in selected .NET version,Active,Potential,1,IIIFAuth2.API.Tests\IIIFAuth2.API.Tests.csproj,File,IIIFAuth2.API.Tests\Integration\ProbeServiceTests.cs,153,8,M:System.Net.Http.HttpContent.ReadAsStreamAsync,,,,,var authProbeResult = (await response.Content.ReadAsStreamAsync()).FromJsonStream<AuthProbeResult2>();
Api.0003,Behavioral change in selected .NET version,Active,Potential,1,IIIFAuth2.API.Tests\IIIFAuth2.API.Tests.csproj,File,IIIFAuth2.API.Tests\Integration\ProbeServiceTests.cs,129,8,T:System.Net.Http.HttpContent,,,,,var authProbeResult = (await response.Content.ReadAsStreamAsync()).FromJsonStream<AuthProbeResult2>();
Api.0003,Behavioral change in selected .NET version,Active,Potential,1,IIIFAuth2.API.Tests\IIIFAuth2.API.Tests.csproj,File,IIIFAuth2.API.Tests\Integration\ProbeServiceTests.cs,129,8,M:System.Net.Http.HttpContent.ReadAsStreamAsync,,,,,var authProbeResult = (await response.Content.ReadAsStreamAsync()).FromJsonStream<AuthProbeResult2>();
Api.0003,Behavioral change in selected .NET version,Active,Potential,1,IIIFAuth2.API.Tests\IIIFAuth2.API.Tests.csproj,File,IIIFAuth2.API.Tests\Integration\ProbeServiceTests.cs,105,8,T:System.Net.Http.HttpContent,,,,,var authProbeResult = (await response.Content.ReadAsStreamAsync()).FromJsonStream<AuthProbeResult2>();
Api.0003,Behavioral change in selected .NET version,Active,Potential,1,IIIFAuth2.API.Tests\IIIFAuth2.API.Tests.csproj,File,IIIFAuth2.API.Tests\Integration\ProbeServiceTests.cs,105,8,M:System.Net.Http.HttpContent.ReadAsStreamAsync,,,,,var authProbeResult = (await response.Content.ReadAsStreamAsync()).FromJsonStream<AuthProbeResult2>();
Api.0003,Behavioral change in selected .NET version,Active,Potential,1,IIIFAuth2.API.Tests\IIIFAuth2.API.Tests.csproj,File,IIIFAuth2.API.Tests\Integration\ProbeServiceTests.cs,86,8,T:System.Net.Http.HttpContent,,,,,var authProbeResult = (await response.Content.ReadAsStreamAsync()).FromJsonStream<AuthProbeResult2>();
Api.0003,Behavioral change in selected .NET version,Active,Potential,1,IIIFAuth2.API.Tests\IIIFAuth2.API.Tests.csproj,File,IIIFAuth2.API.Tests\Integration\ProbeServiceTests.cs,86,8,M:System.Net.Http.HttpContent.ReadAsStreamAsync,,,,,var authProbeResult = (await response.Content.ReadAsStreamAsync()).FromJsonStream<AuthProbeResult2>();
Api.0003,Behavioral change in selected .NET version,Active,Potential,1,IIIFAuth2.API.Tests\IIIFAuth2.API.Tests.csproj,File,IIIFAuth2.API.Tests\Integration\ProbeServiceTests.cs,67,8,T:System.Net.Http.HttpContent,,,,,var authProbeResult = (await response.Content.ReadAsStreamAsync()).FromJsonStream<AuthProbeResult2>();
Api.0003,Behavioral change in selected .NET version,Active,Potential,1,IIIFAuth2.API.Tests\IIIFAuth2.API.Tests.csproj,File,IIIFAuth2.API.Tests\Integration\ProbeServiceTests.cs,67,8,M:System.Net.Http.HttpContent.ReadAsStreamAsync,,,,,var authProbeResult = (await response.Content.ReadAsStreamAsync()).FromJsonStream<AuthProbeResult2>();
Api.0003,Behavioral change in selected .NET version,Active,Potential,1,IIIFAuth2.API.Tests\IIIFAuth2.API.Tests.csproj,File,IIIFAuth2.API.Tests\Integration\ProbeServiceTests.cs,52,8,T:System.Net.Http.HttpContent,,,,,var authProbeResult = (await response.Content.ReadAsStreamAsync()).FromJsonStream<AuthProbeResult2>();
Api.0003,Behavioral change in selected .NET version,Active,Potential,1,IIIFAuth2.API.Tests\IIIFAuth2.API.Tests.csproj,File,IIIFAuth2.API.Tests\Integration\ProbeServiceTests.cs,52,8,M:System.Net.Http.HttpContent.ReadAsStreamAsync,,,,,var authProbeResult = (await response.Content.ReadAsStreamAsync()).FromJsonStream<AuthProbeResult2>();
Api.0003,Behavioral change in selected .NET version,Active,Potential,1,IIIFAuth2.API.Tests\IIIFAuth2.API.Tests.csproj,File,IIIFAuth2.API.Tests\Integration\ProbeServiceTests.cs,37,8,T:System.Net.Http.HttpContent,,,,,var authProbeResult = (await response.Content.ReadAsStreamAsync()).FromJsonStream<AuthProbeResult2>();
Api.0003,Behavioral change in selected .NET version,Active,Potential,1,IIIFAuth2.API.Tests\IIIFAuth2.API.Tests.csproj,File,IIIFAuth2.API.Tests\Integration\ProbeServiceTests.cs,37,8,M:System.Net.Http.HttpContent.ReadAsStreamAsync,,,,,var authProbeResult = (await response.Content.ReadAsStreamAsync()).FromJsonStream<AuthProbeResult2>();
Api.0003,Behavioral change in selected .NET version,Active,Potential,1,IIIFAuth2.API.Tests\IIIFAuth2.API.Tests.csproj,File,IIIFAuth2.API.Tests\Utils\HttpRequestXTests.cs,214,8,T:System.Uri,,,,,httpRequest.IsSameOrigin(new Uri(origin)).Should().BeFalse();
Api.0003,Behavioral change in selected .NET version,Active,Potential,1,IIIFAuth2.API.Tests\IIIFAuth2.API.Tests.csproj,File,IIIFAuth2.API.Tests\Utils\HttpRequestXTests.cs,214,8,M:System.Uri.#ctor(System.String),,,,,httpRequest.IsSameOrigin(new Uri(origin)).Should().BeFalse();
Api.0003,Behavioral change in selected .NET version,Active,Potential,1,IIIFAuth2.API.Tests\IIIFAuth2.API.Tests.csproj,File,IIIFAuth2.API.Tests\Utils\HttpRequestXTests.cs,197,8,T:System.Uri,,,,,httpRequest.IsSameOrigin(new Uri(origin)).Should().BeTrue();
Api.0003,Behavioral change in selected .NET version,Active,Potential,1,IIIFAuth2.API.Tests\IIIFAuth2.API.Tests.csproj,File,IIIFAuth2.API.Tests\Utils\HttpRequestXTests.cs,197,8,M:System.Uri.#ctor(System.String),,,,,httpRequest.IsSameOrigin(new Uri(origin)).Should().BeTrue();
Api.0003,Behavioral change in selected .NET version,Active,Potential,1,IIIFAuth2.API.Tests\IIIFAuth2.API.Tests.csproj,File,IIIFAuth2.API.Tests\Utils\HttpRequestXTests.cs,180,8,T:System.Uri,,,,,httpRequest.IsSameOrigin(new Uri(origin)).Should().BeFalse();
Api.0003,Behavioral change in selected .NET version,Active,Potential,1,IIIFAuth2.API.Tests\IIIFAuth2.API.Tests.csproj,File,IIIFAuth2.API.Tests\Utils\HttpRequestXTests.cs,180,8,M:System.Uri.#ctor(System.String),,,,,httpRequest.IsSameOrigin(new Uri(origin)).Should().BeFalse();
Api.0003,Behavioral change in selected .NET version,Active,Potential,1,IIIFAuth2.API.Tests\IIIFAuth2.API.Tests.csproj,File,IIIFAuth2.API.Tests\Utils\HttpRequestXTests.cs,161,8,T:System.Uri,,,,,httpRequest.IsSameOrigin(new Uri(origin)).Should().BeTrue();
Api.0003,Behavioral change in selected .NET version,Active,Potential,1,IIIFAuth2.API.Tests\IIIFAuth2.API.Tests.csproj,File,IIIFAuth2.API.Tests\Utils\HttpRequestXTests.cs,161,8,M:System.Uri.#ctor(System.String),,,,,httpRequest.IsSameOrigin(new Uri(origin)).Should().BeTrue();
Api.0003,Behavioral change in selected .NET version,Active,Potential,1,IIIFAuth2.API.Tests\IIIFAuth2.API.Tests.csproj,File,IIIFAuth2.API.Tests\Utils\UriXTests.cs,16,8,T:System.Uri,,,,,var uri = new Uri(uriInput);
Api.0003,Behavioral change in selected .NET version,Active,Potential,1,IIIFAuth2.API.Tests\IIIFAuth2.API.Tests.csproj,File,IIIFAuth2.API.Tests\Utils\UriXTests.cs,16,8,M:System.Uri.#ctor(System.String),,,,,var uri = new Uri(uriInput);
Api.0003,Behavioral change in selected .NET version,Active,Potential,1,IIIFAuth2.API.Tests\IIIFAuth2.API.Tests.csproj,File,IIIFAuth2.API.Tests\Infrastructure\Web\UrlPathProviderTests.cs,160,8,T:System.Uri,,,,,var result = sut.GetAccessServiceOAuthCallbackPath(accessService);
Api.0003,Behavioral change in selected .NET version,Active,Potential,1,IIIFAuth2.API.Tests\IIIFAuth2.API.Tests.csproj,File,IIIFAuth2.API.Tests\Infrastructure\Web\UrlPathProviderTests.cs,156,8,T:System.Uri,,,,,"var expected = new Uri(""https://dlcs.test.example/99/callback/ghosts"");"
Api.0003,Behavioral change in selected .NET version,Active,Potential,1,IIIFAuth2.API.Tests\IIIFAuth2.API.Tests.csproj,File,IIIFAuth2.API.Tests\Infrastructure\Web\UrlPathProviderTests.cs,156,8,M:System.Uri.#ctor(System.String),,,,,"var expected = new Uri(""https://dlcs.test.example/99/callback/ghosts"");"
Api.0003,Behavioral change in selected .NET version,Active,Potential,1,IIIFAuth2.API.Tests\IIIFAuth2.API.Tests.csproj,File,IIIFAuth2.API.Tests\Infrastructure\Web\UrlPathProviderTests.cs,140,8,T:System.Uri,,,,,var result = sut.GetAccessServiceOAuthCallbackPath(accessService);
Api.0003,Behavioral change in selected .NET version,Active,Potential,1,IIIFAuth2.API.Tests\IIIFAuth2.API.Tests.csproj,File,IIIFAuth2.API.Tests\Infrastructure\Web\UrlPathProviderTests.cs,136,8,T:System.Uri,,,,,"var expected = new Uri(""https://dlcs.test.example/access/other"");"
Api.0003,Behavioral change in selected .NET version,Active,Potential,1,IIIFAuth2.API.Tests\IIIFAuth2.API.Tests.csproj,File,IIIFAuth2.API.Tests\Infrastructure\Web\UrlPathProviderTests.cs,136,8,M:System.Uri.#ctor(System.String),,,,,"var expected = new Uri(""https://dlcs.test.example/access/other"");"
Api.0003,Behavioral change in selected .NET version,Active,Potential,1,IIIFAuth2.API.Tests\IIIFAuth2.API.Tests.csproj,File,IIIFAuth2.API.Tests\Infrastructure\Web\UrlPathProviderTests.cs,120,8,T:System.Uri,,,,,var result = sut.GetAccessServiceOAuthCallbackPath(accessService);
Api.0003,Behavioral change in selected .NET version,Active,Potential,1,IIIFAuth2.API.Tests\IIIFAuth2.API.Tests.csproj,File,IIIFAuth2.API.Tests\Infrastructure\Web\UrlPathProviderTests.cs,116,8,T:System.Uri,,,,,"var expected = new Uri(""https://dlcs.test.example/auth/v2/access/99/ghosts/oauth2/callback"");"
Api.0003,Behavioral change in selected .NET version,Active,Potential,1,IIIFAuth2.API.Tests\IIIFAuth2.API.Tests.csproj,File,IIIFAuth2.API.Tests\Infrastructure\Web\UrlPathProviderTests.cs,116,8,M:System.Uri.#ctor(System.String),,,,,"var expected = new Uri(""https://dlcs.test.example/auth/v2/access/99/ghosts/oauth2/callback"");"
Api.0003,Behavioral change in selected .NET version,Active,Potential,1,IIIFAuth2.API.Tests\IIIFAuth2.API.Tests.csproj,File,IIIFAuth2.API.Tests\Infrastructure\Web\UrlPathProviderTests.cs,101,8,T:System.Uri,,,,,var result = sut.GetAccessServiceOAuthCallbackPath(accessService);
Api.0003,Behavioral change in selected .NET version,Active,Potential,1,IIIFAuth2.API.Tests\IIIFAuth2.API.Tests.csproj,File,IIIFAuth2.API.Tests\Infrastructure\Web\UrlPathProviderTests.cs,97,8,T:System.Uri,,,,,"var expected = new Uri(""https://dlcs.test.example/access/99/ghosts/oauth2/callback"");"
Api.0003,Behavioral change in selected .NET version,Active,Potential,1,IIIFAuth2.API.Tests\IIIFAuth2.API.Tests.csproj,File,IIIFAuth2.API.Tests\Infrastructure\Web\UrlPathProviderTests.cs,97,8,M:System.Uri.#ctor(System.String),,,,,"var expected = new Uri(""https://dlcs.test.example/access/99/ghosts/oauth2/callback"");"
Api.0003,Behavioral change in selected .NET version,Active,Potential,1,IIIFAuth2.API.Tests\IIIFAuth2.API.Tests.csproj,File,IIIFAuth2.API.Tests\Infrastructure\Web\UrlPathProviderTests.cs,81,8,T:System.Uri,,,,,var result = sut.GetGesturePostbackRelativePath(123);
Api.0003,Behavioral change in selected .NET version,Active,Potential,1,IIIFAuth2.API.Tests\IIIFAuth2.API.Tests.csproj,File,IIIFAuth2.API.Tests\Infrastructure\Web\UrlPathProviderTests.cs,62,8,T:System.Uri,,,,,var result = sut.GetGesturePostbackRelativePath(123);
Api.0003,Behavioral change in selected .NET version,Active,Potential,1,IIIFAuth2.API.Tests\IIIFAuth2.API.Tests.csproj,File,IIIFAuth2.API.Tests\Infrastructure\Web\UrlPathProviderTests.cs,43,8,T:System.Uri,,,,,var result = sut.GetGesturePostbackRelativePath(123);
Api.0003,Behavioral change in selected .NET version,Active,Potential,1,IIIFAuth2.API.Tests\IIIFAuth2.API.Tests.csproj,File,IIIFAuth2.API.Tests\Infrastructure\Web\UrlPathProviderTests.cs,25,8,T:System.Uri,,,,,var result = sut.GetGesturePostbackRelativePath(123);
Api.0003,Behavioral change in selected .NET version,Active,Potential,1,IIIFAuth2.API.Tests\IIIFAuth2.API.Tests.csproj,File,IIIFAuth2.API.Tests\Infrastructure\Auth\RoleProvisioning\Oidc\Auth0ClientTests.cs,212,8,T:System.Net.Http.HttpContent,,,,,"httpResponseMessage.Content =             new StringContent(""{ \""id_token\"":\""my-id-token\"" }"", Encoding.UTF8, ""application/json"");"
Api.0003,Behavioral change in selected .NET version,Active,Potential,1,IIIFAuth2.API.Tests\IIIFAuth2.API.Tests.csproj,File,IIIFAuth2.API.Tests\Infrastructure\Auth\RoleProvisioning\Oidc\Auth0ClientTests.cs,207,8,T:System.Uri,,,,,"A.CallTo(() => jwtTokenHandler.GetClaimsFromToken(idToken, A<Uri>._, A<string>._, A<string>._,                 A<string>._, A<CancellationToken>._))             .Returns(new ClaimsPrincipal(new ClaimsIdentity(new []{new Claim(claimType, ""foobar"")})));"
Api.0003,Behavioral change in selected .NET version,Active,Potential,1,IIIFAuth2.API.Tests\IIIFAuth2.API.Tests.csproj,File,IIIFAuth2.API.Tests\Infrastructure\Auth\RoleProvisioning\Oidc\Auth0ClientTests.cs,177,8,T:System.Net.Http.HttpContent,,,,,"httpResponseMessage.Content =             new StringContent(""{ \""id_token\"":\""my-id-token\"" }"", Encoding.UTF8, ""application/json"");"
Api.0003,Behavioral change in selected .NET version,Active,Potential,1,IIIFAuth2.API.Tests\IIIFAuth2.API.Tests.csproj,File,IIIFAuth2.API.Tests\Infrastructure\Auth\RoleProvisioning\Oidc\Auth0ClientTests.cs,172,8,T:System.Uri,,,,,"A.CallTo(() => jwtTokenHandler.GetClaimsFromToken(idToken, A<Uri>._, A<string>._, A<string>._,                 A<string>._, A<CancellationToken>._))             .Returns(new ClaimsPrincipal(new ClaimsIdentity()));"
Api.0003,Behavioral change in selected .NET version,Active,Potential,1,IIIFAuth2.API.Tests\IIIFAuth2.API.Tests.csproj,File,IIIFAuth2.API.Tests\Infrastructure\Auth\RoleProvisioning\Oidc\Auth0ClientTests.cs,146,8,T:System.Net.Http.HttpContent,,,,,"httpResponseMessage.Content =             new StringContent(""{ \""id_token\"":\""my-id-token\"" }"", Encoding.UTF8, ""application/json"");"
Api.0003,Behavioral change in selected .NET version,Active,Potential,1,IIIFAuth2.API.Tests\IIIFAuth2.API.Tests.csproj,File,IIIFAuth2.API.Tests\Infrastructure\Auth\RoleProvisioning\Oidc\Auth0ClientTests.cs,144,8,T:System.Uri,,,,,"var jwksUri = new Uri(""https://dlcs-dev.uk.auth0.com/.well-known/jwks.json"");"
Api.0003,Behavioral change in selected .NET version,Active,Potential,1,IIIFAuth2.API.Tests\IIIFAuth2.API.Tests.csproj,File,IIIFAuth2.API.Tests\Infrastructure\Auth\RoleProvisioning\Oidc\Auth0ClientTests.cs,144,8,M:System.Uri.#ctor(System.String),,,,,"var jwksUri = new Uri(""https://dlcs-dev.uk.auth0.com/.well-known/jwks.json"");"
Api.0003,Behavioral change in selected .NET version,Active,Potential,1,IIIFAuth2.API.Tests\IIIFAuth2.API.Tests.csproj,File,IIIFAuth2.API.Tests\Infrastructure\Auth\RoleProvisioning\Oidc\Auth0ClientTests.cs,108,8,T:System.Uri,,,,,"request.RequestUri.ToString().Should().Be(""https://dlcs-dev.uk.auth0.com/oauth/token"");"
Api.0003,Behavioral change in selected .NET version,Active,Potential,1,IIIFAuth2.API.Tests\IIIFAuth2.API.Tests.csproj,File,IIIFAuth2.API.Tests\Infrastructure\Auth\RoleProvisioning\Oidc\Auth0ClientTests.cs,105,8,T:System.Net.Http.HttpContent,,,,,var formData = await request.Content.ReadAsStringAsync();
Api.0003,Behavioral change in selected .NET version,Active,Potential,1,IIIFAuth2.API.Tests\IIIFAuth2.API.Tests.csproj,File,IIIFAuth2.API.Tests\Infrastructure\Auth\RoleProvisioning\Oidc\Auth0ClientTests.cs,77,8,T:System.Uri,,,,,"var actual = sut.GetAuthLoginUrl(auth0Config, accessService, ""foo"");"
Api.0003,Behavioral change in selected .NET version,Active,Potential,1,IIIFAuth2.API.Tests\IIIFAuth2.API.Tests.csproj,File,IIIFAuth2.API.Tests\Infrastructure\Auth\RoleProvisioning\Oidc\Auth0ClientTests.cs,72,8,T:System.Uri,,,,,"var expected =             new Uri(                 ""https://dlcs-dev.uk.auth0.com/authorize?client_id=test-id&redirect_uri=http%3A%2F%2Ftest.example%2Fcallback&response_type=code&state=foo&scope=scope1 scope2 openid"");"
Api.0003,Behavioral change in selected .NET version,Active,Potential,1,IIIFAuth2.API.Tests\IIIFAuth2.API.Tests.csproj,File,IIIFAuth2.API.Tests\Infrastructure\Auth\RoleProvisioning\Oidc\Auth0ClientTests.cs,72,8,M:System.Uri.#ctor(System.String),,,,,"var expected =             new Uri(                 ""https://dlcs-dev.uk.auth0.com/authorize?client_id=test-id&redirect_uri=http%3A%2F%2Ftest.example%2Fcallback&response_type=code&state=foo&scope=scope1 scope2 openid"");"
Api.0003,Behavioral change in selected .NET version,Active,Potential,1,IIIFAuth2.API.Tests\IIIFAuth2.API.Tests.csproj,File,IIIFAuth2.API.Tests\Infrastructure\Auth\RoleProvisioning\Oidc\Auth0ClientTests.cs,70,8,T:System.Uri,,,,,"A.CallTo(() => urlPathProvider.GetAccessServiceOAuthCallbackPath(accessService))             .Returns(new Uri(""http://test.example/callback""));"
Api.0003,Behavioral change in selected .NET version,Active,Potential,1,IIIFAuth2.API.Tests\IIIFAuth2.API.Tests.csproj,File,IIIFAuth2.API.Tests\Infrastructure\Auth\RoleProvisioning\Oidc\Auth0ClientTests.cs,70,8,M:System.Uri.#ctor(System.String),,,,,"A.CallTo(() => urlPathProvider.GetAccessServiceOAuthCallbackPath(accessService))             .Returns(new Uri(""http://test.example/callback""));"
Api.0003,Behavioral change in selected .NET version,Active,Potential,1,IIIFAuth2.API.Tests\IIIFAuth2.API.Tests.csproj,File,IIIFAuth2.API.Tests\Infrastructure\Auth\RoleProvisioning\Oidc\Auth0ClientTests.cs,70,8,T:System.Uri,,,,,"A.CallTo(() => urlPathProvider.GetAccessServiceOAuthCallbackPath(accessService))             .Returns(new Uri(""http://test.example/callback""));"
Api.0003,Behavioral change in selected .NET version,Active,Potential,1,IIIFAuth2.API.Tests\IIIFAuth2.API.Tests.csproj,File,IIIFAuth2.API.Tests\Infrastructure\Auth\RoleProvisioning\Oidc\Auth0ClientTests.cs,53,8,T:System.Uri,,,,,"var actual = sut.GetAuthLoginUrl(auth0Config, accessService, ""foo"");"
Api.0003,Behavioral change in selected .NET version,Active,Potential,1,IIIFAuth2.API.Tests\IIIFAuth2.API.Tests.csproj,File,IIIFAuth2.API.Tests\Infrastructure\Auth\RoleProvisioning\Oidc\Auth0ClientTests.cs,50,8,T:System.Uri,,,,,"var expected = new Uri(""https://dlcs-dev.uk.auth0.com/authorize?client_id=test-id&redirect_uri=http%3A%2F%2Ftest.example%2Fcallback&response_type=code&state=foo&scope=openid"");"
Api.0003,Behavioral change in selected .NET version,Active,Potential,1,IIIFAuth2.API.Tests\IIIFAuth2.API.Tests.csproj,File,IIIFAuth2.API.Tests\Infrastructure\Auth\RoleProvisioning\Oidc\Auth0ClientTests.cs,50,8,M:System.Uri.#ctor(System.String),,,,,"var expected = new Uri(""https://dlcs-dev.uk.auth0.com/authorize?client_id=test-id&redirect_uri=http%3A%2F%2Ftest.example%2Fcallback&response_type=code&state=foo&scope=openid"");"
Api.0003,Behavioral change in selected .NET version,Active,Potential,1,IIIFAuth2.API.Tests\IIIFAuth2.API.Tests.csproj,File,IIIFAuth2.API.Tests\Infrastructure\Auth\RoleProvisioning\Oidc\Auth0ClientTests.cs,25,8,T:System.Uri,,,,,"A.CallTo(() => urlPathProvider.GetAccessServiceOAuthCallbackPath(A<AccessService>._))             .Returns(new Uri(""http://test.example/callback""));"
Api.0003,Behavioral change in selected .NET version,Active,Potential,1,IIIFAuth2.API.Tests\IIIFAuth2.API.Tests.csproj,File,IIIFAuth2.API.Tests\Infrastructure\Auth\RoleProvisioning\Oidc\Auth0ClientTests.cs,25,8,M:System.Uri.#ctor(System.String),,,,,"A.CallTo(() => urlPathProvider.GetAccessServiceOAuthCallbackPath(A<AccessService>._))             .Returns(new Uri(""http://test.example/callback""));"
Api.0003,Behavioral change in selected .NET version,Active,Potential,1,IIIFAuth2.API.Tests\IIIFAuth2.API.Tests.csproj,File,IIIFAuth2.API.Tests\Infrastructure\Auth\RoleProvisioning\Oidc\Auth0ClientTests.cs,25,8,T:System.Uri,,,,,"A.CallTo(() => urlPathProvider.GetAccessServiceOAuthCallbackPath(A<AccessService>._))             .Returns(new Uri(""http://test.example/callback""));"
Api.0003,Behavioral change in selected .NET version,Active,Potential,1,IIIFAuth2.API.Tests\IIIFAuth2.API.Tests.csproj,File,IIIFAuth2.API.Tests\Infrastructure\Auth\RoleProvisioning\Oidc\Auth0ClientTests.cs,25,8,T:System.Uri,,,,,"A.CallTo(() => urlPathProvider.GetAccessServiceOAuthCallbackPath(A<AccessService>._))             .Returns(new Uri(""http://test.example/callback""));"
Api.0003,Behavioral change in selected .NET version,Active,Potential,1,IIIFAuth2.API.Tests\IIIFAuth2.API.Tests.csproj,File,IIIFAuth2.API.Tests\Infrastructure\Auth\RoleProvisioning\Oidc\Auth0ClientTests.cs,25,8,M:System.Uri.#ctor(System.String),,,,,"A.CallTo(() => urlPathProvider.GetAccessServiceOAuthCallbackPath(A<AccessService>._))             .Returns(new Uri(""http://test.example/callback""));"
Api.0003,Behavioral change in selected .NET version,Active,Potential,1,IIIFAuth2.API.Tests\IIIFAuth2.API.Tests.csproj,File,IIIFAuth2.API.Tests\Infrastructure\Auth\RoleProvisioning\Oidc\Auth0ClientTests.cs,25,8,T:System.Uri,,,,,"A.CallTo(() => urlPathProvider.GetAccessServiceOAuthCallbackPath(A<AccessService>._))             .Returns(new Uri(""http://test.example/callback""));"
Api.0003,Behavioral change in selected .NET version,Active,Potential,1,IIIFAuth2.API.Tests\IIIFAuth2.API.Tests.csproj,File,IIIFAuth2.API.Tests\Infrastructure\CustomerDomainServiceTests.cs,68,8,T:System.Uri,,,,,"var origin = new Uri(""https://foo.bar"");"
Api.0003,Behavioral change in selected .NET version,Active,Potential,1,IIIFAuth2.API.Tests\IIIFAuth2.API.Tests.csproj,File,IIIFAuth2.API.Tests\Infrastructure\CustomerDomainServiceTests.cs,68,8,M:System.Uri.#ctor(System.String),,,,,"var origin = new Uri(""https://foo.bar"");"
Api.0003,Behavioral change in selected .NET version,Active,Potential,1,IIIFAuth2.API.Tests\IIIFAuth2.API.Tests.csproj,File,IIIFAuth2.API.Tests\Infrastructure\CustomerDomainServiceTests.cs,55,8,T:System.Uri,,,,,var originUri = new Uri(origin);
Api.0003,Behavioral change in selected .NET version,Active,Potential,1,IIIFAuth2.API.Tests\IIIFAuth2.API.Tests.csproj,File,IIIFAuth2.API.Tests\Infrastructure\CustomerDomainServiceTests.cs,55,8,M:System.Uri.#ctor(System.String),,,,,var originUri = new Uri(origin);
